MISSION_NAME,LAUNCH_DATE,LAUNCH_SITE,SUCCESS,AGENCY,MISSION_TYPE
Balanced discrete orchestration,1970-01-01,North Jasonborough,True,ISRO,Manned
Innovative 6thgeneration algorithm,1970-01-01,South William,True,ISRO,Unmanned
Enterprise-wide heuristic knowledge user,1970-01-01,Rodriguezshire,True,ISRO,Unmanned
Phased context-sensitive intranet,1970-01-01,Popehaven,True,ISRO,Unmanned
Exclusive object-oriented adapter,1970-01-01,Lake Susan,True,ISRO,Unmanned
Open-source logistical hierarchy,1970-01-01,West Susan,True,ISRO,Manned
Advanced client-driven budgetary management,1970-01-01,South Sherri,True,ISRO,Unmanned
Down-sized systemic leverage,1970-01-01,Lake Hannah,True,ISRO,Unmanned
Centralized multi-tasking monitoring,1970-01-01,Elizabethside,True,ISRO,Unmanned
Implemented value-added complexity,1970-01-01,Stephaniehaven,True,ISRO,Manned
Customizable fault-tolerant secured line,1970-01-01,Whiteside,True,ISRO,Manned
Optional dedicated implementation,1970-01-01,West Jeffrey,True,ISRO,Unmanned
Innovative directional collaboration,1970-01-01,Richardchester,True,ISRO,Unmanned
Fundamental intermediate standardization,1970-01-01,New Judith,True,ISRO,Unmanned
Versatile regional application,1970-01-01,Kiaraton,True,ISRO,Manned
Assimilated leadingedge adapter,1970-01-01,Erinhaven,True,ISRO,Manned
Automated mission-critical Graphical User Interface,1970-01-01,New Leslie,True,ISRO,Unmanned
Multi-layered static focus group,1970-01-01,Marytown,True,ISRO,Manned
Triple-buffered foreground middleware,1970-01-01,Crystalstad,True,ISRO,Manned
Exclusive 4thgeneration Graphical User Interface,1970-01-01,Arianaport,True,ISRO,Manned
Profound transitional Local Area Network,1970-01-01,Steventown,True,ISRO,Unmanned
Synergistic 4thgeneration portal,1970-01-01,New Michelle,True,ISRO,Manned
Enterprise-wide maximized paradigm,1970-01-01,Mcphersonmouth,True,ISRO,Unmanned
Integrated object-oriented throughput,1970-01-01,Carlosstad,True,ISRO,Manned
Polarized regional archive,1970-01-01,North Devin,True,ISRO,Unmanned
Seamless analyzing policy,1970-01-01,New Sandra,True,ISRO,Manned
Ergonomic methodical algorithm,1970-01-01,Gonzaleztown,True,ISRO,Unmanned
Versatile upward-trending instruction set,1970-01-01,Guzmantown,True,ISRO,Manned
Ameliorated maximized Local Area Network,1970-01-01,Lake Rebecca,True,ISRO,Unmanned
Adaptive 24hour utilization,1970-01-01,Hinesbury,True,ISRO,Unmanned
Ameliorated client-driven software,1970-01-01,Paulaberg,True,ISRO,Manned
Switchable high-level benchmark,1970-01-01,Davidton,True,ISRO,Manned
Fully-configurable disintermediate adapter,1970-01-01,New Cynthiaport,True,ISRO,Unmanned
De-engineered attitude-oriented frame,1970-01-01,Carterberg,True,ISRO,Unmanned
Vision-oriented user-facing software,1970-01-01,Stephenburgh,True,ISRO,Manned
Profit-focused secondary frame,1970-01-01,Michaelburgh,True,ISRO,Manned
Multi-channeled methodical paradigm,1970-01-01,Lake Margaret,True,ISRO,Unmanned
Focused 4thgeneration access,1970-01-01,South Jacqueline,True,ISRO,Unmanned
Self-enabling stable open architecture,1970-01-01,Robertfort,True,ISRO,Unmanned
Persevering empowering methodology,1970-01-01,Lake Danielview,True,ISRO,Manned
Down-sized high-level analyzer,1970-01-01,Port Gary,True,ISRO,Unmanned
Cross-platform 5thgeneration productivity,1970-01-01,Sharonfort,True,ISRO,Manned
De-engineered mission-critical capability,1970-01-01,Brettchester,True,ISRO,Unmanned
Secured neutral conglomeration,1970-01-01,North Sarah,True,ISRO,Unmanned
Multi-layered optimizing workforce,1970-01-01,East Paul,True,ISRO,Unmanned
Programmable leadingedge emulation,1970-01-01,Jeffreychester,True,ISRO,Manned
Seamless foreground toolset,1970-01-01,Lake Christinaburgh,True,ISRO,Manned
Profit-focused impactful open architecture,1970-01-01,Port Christine,True,ISRO,Unmanned
Future-proofed bi-directional open architecture,1970-01-01,Trujilloborough,True,ISRO,Unmanned
User-centric leadingedge productivity,1970-01-01,Port Kimberly,True,ISRO,Manned
Phased transitional framework,1970-01-01,Porterfurt,True,ISRO,Unmanned
Exclusive tertiary application,1970-01-01,West Alexandramouth,True,ISRO,Unmanned
Realigned 4thgeneration synergy,1970-01-01,Burnsfort,True,ISRO,Manned
Vision-oriented high-level Internet solution,1970-01-01,South Ericaview,True,ISRO,Manned
Robust heuristic leverage,1970-01-01,Port Kyle,True,ISRO,Manned
Enhanced bi-directional installation,1970-01-01,West Cynthiaberg,True,ISRO,Manned
Advanced multimedia definition,1970-01-01,Annafort,True,ISRO,Manned
Team-oriented national benchmark,1970-01-01,South Danielle,True,ISRO,Unmanned
Future-proofed object-oriented core,1970-01-01,West Leah,True,ISRO,Manned
Networked context-sensitive monitoring,1970-01-01,North Tracybury,True,ISRO,Manned
Object-based hybrid forecast,1970-01-01,New Melissashire,True,ISRO,Manned
Devolved encompassing emulation,1970-01-01,Staceyville,True,ISRO,Unmanned
Multi-channeled intermediate flexibility,1970-01-01,Michaelhaven,True,ISRO,Manned
Fully-configurable multimedia benchmark,1970-01-01,Tammyberg,True,ISRO,Unmanned
Object-based systematic workforce,1970-01-01,West Austintown,True,ISRO,Unmanned
Monitored full-range toolset,1970-01-01,Jacobsburgh,True,ISRO,Unmanned
Profit-focused bottom-line artificial intelligence,1970-01-01,Cartershire,True,ISRO,Unmanned
Decentralized client-server installation,1970-01-01,Amyburgh,True,ISRO,Unmanned
Extended 5thgeneration algorithm,1970-01-01,East Donaldchester,True,ISRO,Unmanned
Realigned asymmetric methodology,1970-01-01,South Laura,True,ISRO,Manned
Advanced exuding product,1970-01-01,East Michael,True,ISRO,Manned
Cross-group local software,1970-01-01,Rachelborough,True,ISRO,Unmanned
Team-oriented transitional installation,1970-01-01,Erinbury,True,ISRO,Manned
Organic incremental synergy,1970-01-01,Port Kylefurt,True,ISRO,Unmanned
Stand-alone 24hour intranet,1970-01-01,Port David,True,ISRO,Unmanned
Streamlined multimedia concept,1970-01-01,Lake Connieville,True,ISRO,Manned
Assimilated interactive synergy,1970-01-01,Michaeltown,True,ISRO,Unmanned
Re-contextualized heuristic ability,1970-01-01,Wardview,True,ISRO,Manned
User-centric secondary utilization,1970-01-01,West Lauren,True,ISRO,Unmanned
Proactive systemic support,1970-01-01,Turnerland,True,ISRO,Manned
Operative static hierarchy,1970-01-01,Spencerview,True,ISRO,Manned
Devolved zero administration artificial intelligence,1970-01-01,Sarashire,True,ISRO,Manned
Persistent intermediate success,1970-01-01,Smithside,True,ISRO,Unmanned
Profound zero tolerance toolset,1970-01-01,Port Heathertown,True,ISRO,Unmanned
Versatile tertiary paradigm,1970-01-01,Port Robert,True,ISRO,Unmanned
Future-proofed global synergy,1970-01-01,Palmerbury,True,ISRO,Manned
Devolved actuating protocol,1970-01-01,Davidfort,True,ISRO,Manned
Re-contextualized multimedia functionalities,1970-01-01,South Andreamouth,True,ISRO,Unmanned
Cross-group logistical groupware,1970-01-01,New Ambermouth,True,ISRO,Manned
Down-sized zero tolerance productivity,1970-01-01,Matthewmouth,True,ISRO,Manned
Inverse intermediate methodology,1970-01-01,Wallerport,True,ISRO,Manned
Distributed regional database,1970-01-01,Shelleyton,True,ISRO,Unmanned
Quality-focused intangible protocol,1970-01-01,Castrobury,True,ISRO,Unmanned
Switchable zero administration secured line,1970-01-01,Port Robin,True,ISRO,Unmanned
Profound value-added protocol,1970-01-01,South Chaseland,True,ISRO,Manned
Persistent non-volatile definition,1970-01-01,Riversfurt,True,ISRO,Unmanned
Team-oriented value-added hierarchy,1970-01-01,South Robertview,True,ISRO,Manned
Fully-configurable value-added utilization,1970-01-01,South David,True,ISRO,Unmanned
Down-sized transitional adapter,1970-01-01,Joshuahaven,True,ISRO,Unmanned
Diverse executive benchmark,1970-01-01,Chadview,True,ISRO,Unmanned
Decentralized 6thgeneration alliance,1970-01-01,Connorland,True,ISRO,Manned
Customer-focused asynchronous info-mediaries,1970-01-01,North Nicole,True,ISRO,Manned
User-friendly needs-based throughput,1970-01-01,East Matthew,True,ISRO,Manned
Organized bi-directional budgetary management,1970-01-01,Patrickview,True,ISRO,Manned
Universal interactive ability,1970-01-01,Randolphshire,True,ISRO,Unmanned
Multi-lateral uniform help-desk,1970-01-01,South Jimmy,True,ISRO,Unmanned
Compatible coherent alliance,1970-01-01,Carterberg,True,ISRO,Manned
Fully-configurable bi-directional approach,1970-01-01,South Susanmouth,True,ISRO,Manned
Virtual even-keeled hardware,1970-01-01,South Brian,True,ISRO,Manned
Seamless contextually-based matrices,1970-01-01,Shaffershire,True,ISRO,Manned
Phased context-sensitive service-desk,1970-01-01,Jennaport,True,ISRO,Manned
Mandatory full-range focus group,1970-01-01,East Omarview,True,ISRO,Unmanned
Advanced radical functionalities,1970-01-01,Josephfurt,True,ISRO,Manned
Secured stable conglomeration,1970-01-01,Stuarthaven,True,ISRO,Unmanned
User-centric discrete forecast,1970-01-01,Jessicafurt,True,ISRO,Manned
Upgradable heuristic budgetary management,1970-01-01,Lake Ricardo,True,ISRO,Manned
Open-source needs-based interface,1970-01-01,Penningtonborough,True,ISRO,Manned
Managed context-sensitive core,1970-01-01,New Daniel,True,ISRO,Manned
Networked bandwidth-monitored approach,1970-01-01,Gregoryhaven,True,ISRO,Unmanned
Reduced 4thgeneration adapter,1970-01-01,South Laura,True,ISRO,Unmanned
Profit-focused non-volatile analyzer,1970-01-01,West Elizabeth,True,ISRO,Unmanned
Inverse cohesive conglomeration,1970-01-01,Kellerville,True,ISRO,Unmanned
Multi-channeled system-worthy collaboration,1970-01-01,Lake Nicholasmouth,True,ISRO,Unmanned
Polarized discrete artificial intelligence,1970-01-01,East Cindyfort,True,ISRO,Manned
Diverse fault-tolerant Local Area Network,1970-01-01,Crosbyberg,True,ISRO,Unmanned
Reverse-engineered static hub,1970-01-01,North Michaelbury,True,ISRO,Unmanned
Total homogeneous software,1970-01-01,Stacymouth,True,ISRO,Unmanned
Fully-configurable web-enabled extranet,1970-01-01,Garyshire,True,ISRO,Manned
Up-sized interactive synergy,1970-01-01,Luisport,True,ISRO,Unmanned
Re-engineered radical policy,1970-01-01,New Harry,True,ISRO,Unmanned
Multi-tiered multi-state matrix,1970-01-01,Joelview,True,ISRO,Unmanned
Optimized asynchronous collaboration,1970-01-01,South Donaldfort,True,ISRO,Manned
User-centric transitional orchestration,1970-01-01,North Edward,True,ISRO,Manned
Reduced incremental moratorium,1970-01-01,Robertville,True,ISRO,Manned
Horizontal tertiary Local Area Network,1970-01-01,North Nathan,True,ISRO,Unmanned
Progressive incremental core,1970-01-01,Flowersview,True,ISRO,Unmanned
Phased non-volatile utilization,1970-01-01,Brianastad,True,ISRO,Manned
Realigned client-driven moratorium,1970-01-01,Simpsonshire,True,ISRO,Manned
Persistent uniform superstructure,1970-01-01,North Valerie,True,ISRO,Manned
Quality-focused uniform benchmark,1970-01-01,New Elizabeth,True,ISRO,Manned
Function-based value-added alliance,1970-01-01,Sarahport,True,ISRO,Manned
Multi-tiered encompassing flexibility,1970-01-01,Garciaburgh,True,ISRO,Unmanned
Optimized encompassing paradigm,1970-01-01,Patrickmouth,True,ISRO,Manned
Assimilated disintermediate software,1970-01-01,Mooreview,True,ISRO,Unmanned
Operative coherent customer loyalty,1970-01-01,Andrealand,True,ISRO,Unmanned
Organized transitional core,1970-01-01,North Harold,True,ISRO,Unmanned
Profit-focused asymmetric projection,1970-01-01,Lake Julia,True,ISRO,Manned
Universal explicit synergy,1970-01-01,Ashleymouth,True,ISRO,Unmanned
Up-sized encompassing concept,1970-01-01,Lake Daniel,True,ISRO,Manned
Future-proofed system-worthy extranet,1970-01-01,Lake Jamie,True,ISRO,Manned
Switchable scalable service-desk,1970-01-01,Baileyland,True,ISRO,Manned
Mandatory grid-enabled orchestration,1970-01-01,North Luischester,True,ISRO,Manned
Pre-emptive multi-tasking Graphical User Interface,1970-01-01,Stephaniestad,True,ISRO,Manned
Assimilated coherent task-force,1970-01-01,Port Anaburgh,True,ISRO,Manned
Cross-platform secondary leverage,1970-01-01,West Shanetown,True,ISRO,Manned
Customer-focused object-oriented software,1970-01-01,West Stevenfort,True,ISRO,Unmanned
Future-proofed bifurcated pricing structure,1970-01-01,Port Andreafurt,True,ISRO,Manned
Optimized encompassing Graphical User Interface,1970-01-01,West Jamesside,True,ISRO,Manned
Switchable impactful pricing structure,1970-01-01,Port Catherineland,True,ISRO,Manned
Reverse-engineered secondary solution,1970-01-01,South Jessica,True,ISRO,Manned
Team-oriented asymmetric contingency,1970-01-01,North Michaelville,True,ISRO,Manned
Horizontal client-driven access,1970-01-01,Norrisburgh,True,ISRO,Manned
Diverse exuding open system,1970-01-01,Pricehaven,True,ISRO,Manned
Vision-oriented 6thgeneration alliance,1970-01-01,Patelbury,True,ISRO,Unmanned
Self-enabling empowering paradigm,1970-01-01,Taylorchester,True,ISRO,Unmanned
Profit-focused fresh-thinking secured line,1970-01-01,Olsenview,True,ISRO,Manned
Multi-channeled 5thgeneration policy,1970-01-01,East Steven,True,ISRO,Manned
Open-source 6thgeneration extranet,1970-01-01,Garciaborough,True,ISRO,Unmanned
Mandatory grid-enabled concept,1970-01-01,Lake Taylorfurt,True,ISRO,Unmanned
Diverse modular capacity,1970-01-01,Lake Jose,True,ISRO,Manned
Managed stable Graphic Interface,1970-01-01,Lake Deborahborough,True,ISRO,Unmanned
Intuitive discrete pricing structure,1970-01-01,Kimville,True,ISRO,Manned
Diverse high-level orchestration,1970-01-01,North Davidhaven,True,ISRO,Unmanned
Total object-oriented budgetary management,1970-01-01,North Edward,True,ISRO,Manned
Optimized zero administration encoding,1970-01-01,Anthonytown,True,ISRO,Manned
Reduced stable hardware,1970-01-01,Nguyenside,True,ISRO,Manned
Multi-lateral executive firmware,1970-01-01,New Sarah,True,ISRO,Manned
Cloned attitude-oriented moderator,1970-01-01,Beckyview,True,ISRO,Unmanned
Re-engineered value-added software,1970-01-01,Emilyburgh,True,ISRO,Unmanned
Public-key zero-defect complexity,1970-01-01,South Alexander,True,ISRO,Unmanned
Fundamental disintermediate framework,1970-01-01,North Josephside,True,ISRO,Unmanned
Switchable scalable ability,1970-01-01,North James,True,ISRO,Manned
Public-key cohesive encryption,1970-01-01,Edwardburgh,True,ISRO,Manned
Centralized multimedia ability,1970-01-01,Lake Debbie,True,ISRO,Unmanned
Visionary uniform data-warehouse,1970-01-01,Port Tracyberg,True,ISRO,Manned
Enhanced responsive capacity,1970-01-01,New Eric,True,ISRO,Unmanned
Grass-roots optimizing initiative,1970-01-01,Smithville,True,ISRO,Manned
Progressive stable function,1970-01-01,Port Summer,True,ISRO,Unmanned
Cross-group directional help-desk,1970-01-01,Ellisonchester,True,ISRO,Unmanned
Visionary national flexibility,1970-01-01,Burtonland,True,ISRO,Manned
Cross-platform directional knowledgebase,1970-01-01,Port Scottstad,True,ISRO,Manned
Visionary holistic groupware,1970-01-01,East Justin,True,ISRO,Unmanned
Stand-alone mission-critical pricing structure,1970-01-01,Christinafort,True,ISRO,Manned
Multi-layered secondary hub,1970-01-01,South James,True,ISRO,Unmanned
Inverse analyzing success,1970-01-01,Bruceberg,True,ISRO,Unmanned
Polarized context-sensitive artificial intelligence,1970-01-01,New Stevenshire,True,ISRO,Unmanned
Configurable leadingedge middleware,1970-01-01,Beanfurt,True,ISRO,Unmanned
Business-focused high-level migration,1970-01-01,Burtonmouth,True,ISRO,Unmanned
Configurable explicit architecture,1970-01-01,New Mariaport,True,ISRO,Unmanned
Inverse high-level software,1970-01-01,Wilsonborough,True,ISRO,Manned
Optional reciprocal methodology,1970-01-01,Millerland,True,ISRO,Unmanned
Switchable upward-trending encoding,1970-01-01,Port Tarafort,True,ISRO,Unmanned
Multi-lateral full-range alliance,1970-01-01,New Lisa,True,ISRO,Unmanned
Networked interactive core,1970-01-01,New Richardton,True,ISRO,Unmanned
Implemented local workforce,1970-01-01,Garciachester,True,ISRO,Manned
Future-proofed high-level throughput,1970-01-01,Stephenston,True,ISRO,Manned
Devolved coherent capability,1970-01-01,Williamsport,True,ISRO,Manned
Universal cohesive website,1970-01-01,Tinastad,True,ISRO,Unmanned
Public-key bottom-line success,1970-01-01,Belltown,True,ISRO,Manned
Switchable leadingedge ability,1970-01-01,Collierview,True,ISRO,Unmanned
User-friendly tangible focus group,1970-01-01,Port Danielberg,True,ISRO,Unmanned
Optimized fault-tolerant adapter,1970-01-01,West Jeffreyport,True,ISRO,Unmanned
Grass-roots contextually-based database,1970-01-01,Grahamland,True,ISRO,Manned
Total leadingedge orchestration,1970-01-01,South Nicholas,True,ISRO,Unmanned
Optional holistic productivity,1970-01-01,South Dennismouth,True,ISRO,Manned
Optional local capacity,1970-01-01,West Tammy,True,ISRO,Manned
Future-proofed fault-tolerant orchestration,1970-01-01,Carrieland,True,ISRO,Manned
Organic object-oriented interface,1970-01-01,Lake Wendymouth,True,ISRO,Manned
Automated asynchronous emulation,1970-01-01,Lake Austin,True,ISRO,Unmanned
Total 5thgeneration conglomeration,1970-01-01,Port Justinbury,True,ISRO,Unmanned
Face-to-face 24hour open system,1970-01-01,East John,True,ISRO,Unmanned
Mandatory eco-centric matrix,1970-01-01,Stephenland,True,ISRO,Manned
Public-key hybrid hub,1970-01-01,Scottstad,True,ISRO,Unmanned
Cross-group next generation alliance,1970-01-01,Eileenview,True,ISRO,Unmanned
Networked composite encryption,1970-01-01,Ricktown,True,ISRO,Manned
Stand-alone systemic knowledge user,1970-01-01,North Susan,True,ISRO,Unmanned
Focused user-facing archive,1970-01-01,Michaelfurt,True,ISRO,Manned
Focused next generation approach,1970-01-01,Quinnberg,True,ISRO,Unmanned
Expanded neutral strategy,1970-01-01,South Olivia,True,ISRO,Unmanned
Multi-tiered systemic archive,1970-01-01,East Travisfort,True,ISRO,Manned
User-friendly background core,1970-01-01,Sarahmouth,True,ISRO,Unmanned
Extended real-time hierarchy,1970-01-01,New Maryfurt,True,ISRO,Manned
Persevering well-modulated function,1970-01-01,Perezview,True,ISRO,Unmanned
Self-enabling demand-driven system engine,1970-01-01,Tatestad,True,ISRO,Manned
Vision-oriented zero tolerance leverage,1970-01-01,Royside,True,ISRO,Unmanned
Fully-configurable client-server service-desk,1970-01-01,Benjaminborough,True,ISRO,Unmanned
De-engineered system-worthy throughput,1970-01-01,Davisside,True,ISRO,Manned
Reduced empowering system engine,1970-01-01,Port Dylanville,True,ISRO,Unmanned
Digitized content-based Internet solution,1970-01-01,East Donna,True,ISRO,Unmanned
Right-sized zero-defect emulation,1970-01-01,Benjaminhaven,True,ISRO,Manned
Advanced mobile installation,1970-01-01,South John,True,ISRO,Manned
Configurable solution-oriented product,1970-01-01,North Dylan,True,ISRO,Unmanned
Polarized impactful moratorium,1970-01-01,Nunezhaven,True,ISRO,Manned
Innovative tertiary structure,1970-01-01,Lake Brendanmouth,True,ISRO,Manned
Adaptive tangible installation,1970-01-01,North Tinaburgh,True,ISRO,Manned
Synergized user-facing emulation,1970-01-01,Robertsshire,True,ISRO,Unmanned
Assimilated client-driven functionalities,1970-01-01,South Tony,True,ISRO,Unmanned
Digitized composite pricing structure,1970-01-01,Zamorastad,True,ISRO,Unmanned
Synchronized disintermediate function,1970-01-01,Villanuevaton,True,ISRO,Manned
Phased systemic matrices,1970-01-01,Gregoryshire,True,ISRO,Manned
User-centric encompassing interface,1970-01-01,Jenniferchester,True,ISRO,Manned
Customer-focused 4thgeneration projection,1970-01-01,Port Charlotte,True,ISRO,Unmanned
Mandatory background toolset,1970-01-01,Wellsfurt,True,ISRO,Manned
Persistent dynamic Internet solution,1970-01-01,South Johnborough,True,ISRO,Manned
Synergistic impactful synergy,1970-01-01,Mariahshire,True,ISRO,Manned
Multi-lateral bifurcated complexity,1970-01-01,South Richard,True,ISRO,Unmanned
Proactive content-based matrix,1970-01-01,Autumnfurt,True,ISRO,Manned
Balanced dynamic implementation,1970-01-01,Stephenport,True,ISRO,Manned
Operative actuating process improvement,1970-01-01,Jenniferside,True,ISRO,Unmanned
Visionary grid-enabled task-force,1970-01-01,Amyton,True,ISRO,Manned
Synchronized dedicated contingency,1970-01-01,New Cindy,True,ISRO,Manned
Organic high-level hardware,1970-01-01,Allisonburgh,True,ISRO,Unmanned
Switchable solution-oriented Internet solution,1970-01-01,Skinnerburgh,True,ISRO,Unmanned
Cross-platform homogeneous info-mediaries,1970-01-01,West Josephmouth,True,ISRO,Unmanned
Operative value-added budgetary management,1970-01-01,Smithfurt,True,ISRO,Unmanned
Intuitive human-resource Local Area Network,1970-01-01,Sanchezmouth,True,ISRO,Unmanned
Business-focused eco-centric groupware,1970-01-01,Carpenterside,True,ISRO,Manned
Open-architected systemic solution,1970-01-01,Wagnerton,True,ISRO,Unmanned
Mandatory user-facing knowledgebase,1970-01-01,Lukeview,True,ISRO,Unmanned
Team-oriented radical projection,1970-01-01,Millerview,True,ISRO,Manned
Enterprise-wide hybrid budgetary management,1970-01-01,Joannaland,True,ISRO,Manned
Customizable regional support,1970-01-01,New Michaelhaven,True,ISRO,Unmanned
Phased clear-thinking firmware,1970-01-01,Port Troyville,True,ISRO,Manned
Focused needs-based algorithm,1970-01-01,Nguyenfurt,True,ISRO,Manned
Horizontal even-keeled orchestration,1970-01-01,Veronicafort,True,ISRO,Manned
Compatible explicit product,1970-01-01,Lake Robin,True,ISRO,Manned
Team-oriented didactic Internet solution,1970-01-01,Swansonchester,True,ISRO,Unmanned
Profit-focused homogeneous adapter,1970-01-01,East Alisonland,True,ISRO,Unmanned
Grass-roots intermediate Graphic Interface,1970-01-01,Jonesmouth,True,ISRO,Unmanned
Versatile bi-directional contingency,1970-01-01,South Daveport,True,ISRO,Manned
Enterprise-wide multi-tasking process improvement,1970-01-01,Jenniferview,True,ISRO,Manned
Re-contextualized asymmetric solution,1970-01-01,East Adriennebury,True,ISRO,Manned
Reduced multimedia complexity,1970-01-01,Mataton,True,ISRO,Unmanned
Cross-platform client-server frame,1970-01-01,Burkemouth,True,ISRO,Unmanned
Organized responsive project,1970-01-01,Bellville,True,ISRO,Unmanned
Public-key leadingedge artificial intelligence,1970-01-01,Lake Gail,True,ISRO,Manned
Implemented content-based success,1970-01-01,Barnestown,True,ISRO,Unmanned
Assimilated tertiary adapter,1970-01-01,Port Carlos,True,ISRO,Unmanned
Versatile didactic budgetary management,1970-01-01,North Collinfurt,True,ISRO,Manned
Compatible optimal workforce,1970-01-01,Derrickview,True,ISRO,Unmanned
Compatible 6thgeneration implementation,1970-01-01,Matthewshire,True,ISRO,Unmanned
User-centric executive time-frame,1970-01-01,Martinezbury,True,ISRO,Manned
Re-contextualized systemic secured line,1970-01-01,Lake Victorside,True,ISRO,Manned
Face-to-face even-keeled matrix,1970-01-01,Bellhaven,True,ISRO,Unmanned
FalconSat,2006-03-24,Cape Canaveral LC-40,False,SpaceX,N/A
DemoSat,2007-03-21,Cape Canaveral LC-40,False,SpaceX,N/A
Trailblazer,2008-08-03,Cape Canaveral LC-40,False,SpaceX,N/A
RatSat,2008-09-28,Cape Canaveral LC-40,True,SpaceX,N/A
RazakSat,2009-07-13,Cape Canaveral LC-40,True,SpaceX,N/A
Falcon 9 Test Flight,2010-06-04,Vandenberg SLC-4E,True,SpaceX,N/A
COTS 1,2010-12-08,Vandenberg SLC-4E,True,SpaceX,N/A
COTS 2,2012-05-22,Vandenberg SLC-4E,True,SpaceX,N/A
CRS-1,2012-10-08,Vandenberg SLC-4E,True,SpaceX,N/A
CRS-2,2013-03-01,Vandenberg SLC-4E,True,SpaceX,N/A
CASSIOPE,2013-09-29,Starbase Boca Chica,True,SpaceX,N/A
SES-8,2013-12-03,Vandenberg SLC-4E,True,SpaceX,N/A
Thaicom 6,2014-01-06,Vandenberg SLC-4E,True,SpaceX,N/A
CRS-3,2014-04-18,Vandenberg SLC-4E,True,SpaceX,N/A
OG-2 Mission 1,2014-07-14,Vandenberg SLC-4E,True,SpaceX,N/A
AsiaSat 8,2014-08-05,Vandenberg SLC-4E,True,SpaceX,N/A
AsiaSat 6,2014-09-07,Vandenberg SLC-4E,True,SpaceX,N/A
CRS-4,2014-09-21,Vandenberg SLC-4E,True,SpaceX,N/A
CRS-5,2015-01-10,Vandenberg SLC-4E,True,SpaceX,N/A
DSCOVR,2015-02-11,Vandenberg SLC-4E,True,SpaceX,N/A
ABS-3A / Eutelsat 115W B,2015-03-02,Vandenberg SLC-4E,True,SpaceX,N/A
CRS-6,2015-04-14,Vandenberg SLC-4E,True,SpaceX,N/A
TürkmenÄlem 52°E / MonacoSAT,2015-04-27,Vandenberg SLC-4E,True,SpaceX,N/A
CRS-7,2015-06-28,Vandenberg SLC-4E,False,SpaceX,N/A
OG-2 Mission 2,2015-12-22,Vandenberg SLC-4E,True,SpaceX,N/A
Jason 3,2016-01-17,Starbase Boca Chica,True,SpaceX,N/A
SES-9,2016-03-04,Vandenberg SLC-4E,True,SpaceX,N/A
CRS-8,2016-04-08,Vandenberg SLC-4E,True,SpaceX,N/A
JCSAT-2B,2016-05-06,Vandenberg SLC-4E,True,SpaceX,N/A
Thaicom 8,2016-05-27,Vandenberg SLC-4E,True,SpaceX,N/A
ABS-2A / Eutelsat 117W B,2016-06-15,Vandenberg SLC-4E,True,SpaceX,N/A
CRS-9,2016-07-18,Vandenberg SLC-4E,True,SpaceX,N/A
JCSAT-16,2016-08-14,Vandenberg SLC-4E,True,SpaceX,N/A
Amos-6,2016-09-01,Vandenberg SLC-4E,False,SpaceX,N/A
Iridium NEXT Mission 1,2017-01-14,Starbase Boca Chica,True,SpaceX,N/A
CRS-10,2017-02-19,Unknown,True,SpaceX,N/A
EchoStar 23,2017-03-16,Unknown,True,SpaceX,N/A
SES-10,2017-03-30,Unknown,True,SpaceX,N/A
NROL-76,2017-05-01,Unknown,True,SpaceX,N/A
Inmarsat-5 F4,2017-05-15,Unknown,True,SpaceX,N/A
CRS-11,2017-06-03,Unknown,True,SpaceX,N/A
BulgariaSat-1,2017-06-23,Unknown,True,SpaceX,N/A
Iridium NEXT Mission 2,2017-06-25,Starbase Boca Chica,True,SpaceX,N/A
Intelsat 35e,2017-07-05,Unknown,True,SpaceX,N/A
CRS-12,2017-08-14,Unknown,True,SpaceX,N/A
FormoSat-5,2017-08-24,Starbase Boca Chica,True,SpaceX,N/A
Boeing X-37B OTV-5,2017-09-07,Unknown,True,SpaceX,N/A
Iridium NEXT Mission 3,2017-10-09,Starbase Boca Chica,True,SpaceX,N/A
SES-11 / Echostar 105,2017-10-11,Unknown,True,SpaceX,N/A
KoreaSat 5A,2017-10-30,Unknown,True,SpaceX,N/A
CRS-13,2017-12-15,Vandenberg SLC-4E,True,SpaceX,N/A
Iridium NEXT Mission 4,2017-12-23,Starbase Boca Chica,True,SpaceX,N/A
ZUMA,2018-01-08,Vandenberg SLC-4E,True,SpaceX,N/A
SES-16 / GovSat-1,2018-01-31,Vandenberg SLC-4E,True,SpaceX,N/A
Falcon Heavy Test Flight,2018-02-06,Unknown,True,SpaceX,N/A
Paz / Starlink Demo,2018-02-22,Starbase Boca Chica,True,SpaceX,N/A
Hispasat 30W-6,2018-03-06,Vandenberg SLC-4E,True,SpaceX,N/A
Iridium NEXT Mission 5,2018-03-30,Starbase Boca Chica,True,SpaceX,N/A
CRS-14,2018-04-02,Vandenberg SLC-4E,True,SpaceX,N/A
TESS,2018-04-18,Vandenberg SLC-4E,True,SpaceX,N/A
Bangabandhu-1,2018-05-11,Unknown,True,SpaceX,N/A
Iridium NEXT Mission 6,2018-05-22,Starbase Boca Chica,True,SpaceX,N/A
SES-12,2018-06-04,Vandenberg SLC-4E,True,SpaceX,N/A
CRS-15,2018-06-29,Vandenberg SLC-4E,True,SpaceX,N/A
Telstar 19V,2018-07-22,Vandenberg SLC-4E,True,SpaceX,N/A
Iridium NEXT Mission 7,2018-07-25,Starbase Boca Chica,True,SpaceX,N/A
Merah Putih,2018-08-07,Vandenberg SLC-4E,True,SpaceX,N/A
Telstar 18V,2018-09-10,Vandenberg SLC-4E,True,SpaceX,N/A
SAOCOM 1A,2018-10-08,Starbase Boca Chica,True,SpaceX,N/A
Es’hail 2,2018-11-15,Unknown,True,SpaceX,N/A
SSO-A,2018-12-03,Starbase Boca Chica,True,SpaceX,N/A
CRS-16,2018-12-05,Vandenberg SLC-4E,True,SpaceX,N/A
GPS III SV01,2018-12-23,Vandenberg SLC-4E,True,SpaceX,N/A
Iridium NEXT Mission 8,2019-01-11,Starbase Boca Chica,True,SpaceX,N/A
Nusantara Satu (PSN-6) / S5 / Beresheet,2019-02-22,Vandenberg SLC-4E,True,SpaceX,N/A
CCtCap Demo Mission 1,2019-03-02,Unknown,True,SpaceX,N/A
ArabSat 6A,2019-04-11,Unknown,True,SpaceX,N/A
CRS-17,2019-05-04,Vandenberg SLC-4E,True,SpaceX,N/A
Starlink v0.9,2019-05-24,Vandenberg SLC-4E,True,SpaceX,N/A
RADARSAT Constellation,2019-06-12,Starbase Boca Chica,True,SpaceX,N/A
STP-2,2019-06-25,Unknown,True,SpaceX,N/A
CRS-18,2019-07-25,Vandenberg SLC-4E,True,SpaceX,N/A
Amos-17,2019-08-06,Vandenberg SLC-4E,True,SpaceX,N/A
Starlink-1,2019-11-11,Vandenberg SLC-4E,True,SpaceX,N/A
CRS-19,2019-12-05,Vandenberg SLC-4E,True,SpaceX,N/A
JCSat 18 / Kacific 1,2019-12-17,Vandenberg SLC-4E,True,SpaceX,N/A
Starlink-2,2020-01-07,Vandenberg SLC-4E,True,SpaceX,N/A
Crew Dragon In Flight Abort Test,2020-01-19,Unknown,True,SpaceX,N/A
Starlink-3,2020-01-29,Vandenberg SLC-4E,True,SpaceX,N/A
Starlink-4,2020-02-17,Vandenberg SLC-4E,True,SpaceX,N/A
CRS-20,2020-03-07,Vandenberg SLC-4E,True,SpaceX,N/A
Starlink-5,2020-03-18,Unknown,True,SpaceX,N/A
Starlink-6,2020-04-22,Unknown,True,SpaceX,N/A
CCtCap Demo Mission 2,2020-05-30,Unknown,True,SpaceX,N/A
Starlink-7,2020-06-04,Vandenberg SLC-4E,True,SpaceX,N/A
Starlink-8 & SkySat 16-18,2020-06-13,Vandenberg SLC-4E,True,SpaceX,N/A
GPS III SV03 (Columbus),2020-06-30,Vandenberg SLC-4E,True,SpaceX,N/A
ANASIS-II,2020-07-20,Vandenberg SLC-4E,True,SpaceX,N/A
Starlink-9 (v1.0) & BlackSky Global 5-6,2020-08-07,Unknown,True,SpaceX,N/A
Starlink-10 (v1.0) & SkySat 19-21,2020-08-18,Vandenberg SLC-4E,True,SpaceX,N/A
"SAOCOM 1B, GNOMES-1, Tyvak-0172",2020-08-30,Vandenberg SLC-4E,True,SpaceX,N/A
Starlink-11 (v1.0),2020-09-03,Unknown,True,SpaceX,N/A
Starlink-12 (v1.0),2020-10-06,Unknown,True,SpaceX,N/A
Starlink-13 (v1.0),2020-10-18,Unknown,True,SpaceX,N/A
Starlink-14 (v1.0),2020-10-24,Vandenberg SLC-4E,True,SpaceX,N/A
GPS III SV04 (Sacagawea),2020-11-05,Vandenberg SLC-4E,True,SpaceX,N/A
Crew-1,2020-11-16,Unknown,True,SpaceX,N/A
Sentinel-6 Michael Freilich,2020-11-21,Starbase Boca Chica,True,SpaceX,N/A
Starlink-15 (v1.0),2020-11-25,Vandenberg SLC-4E,True,SpaceX,N/A
CRS-21,2020-12-06,Unknown,True,SpaceX,N/A
SXM-7,2020-12-13,Vandenberg SLC-4E,True,SpaceX,N/A
NROL-108,2020-12-19,Unknown,True,SpaceX,N/A
Turksat 5A,2021-01-08,Vandenberg SLC-4E,True,SpaceX,N/A
Starlink-16 (v1.0),2021-01-20,Unknown,True,SpaceX,N/A
Transporter-1,2021-01-24,Vandenberg SLC-4E,True,SpaceX,N/A
Starlink-18 (v1.0),2021-02-04,Vandenberg SLC-4E,True,SpaceX,N/A
Starlink-19 (v1.0),2021-02-16,Vandenberg SLC-4E,True,SpaceX,N/A
Starlink-17 (v1.0),2021-03-04,Unknown,True,SpaceX,N/A
Starlink-20 (v1.0),2021-03-11,Vandenberg SLC-4E,True,SpaceX,N/A
Starlink-21 (v1.0),2021-03-14,Unknown,True,SpaceX,N/A
Starlink-22 (v1.0),2021-03-24,Vandenberg SLC-4E,True,SpaceX,N/A
Starlink-23 (v1.0),2021-04-07,Vandenberg SLC-4E,True,SpaceX,N/A
Crew-2,2021-04-23,Unknown,True,SpaceX,N/A
Starlink-24 (v1.0),2021-04-29,Vandenberg SLC-4E,True,SpaceX,N/A
Starlink-25 (v1.0),2021-05-04,Unknown,True,SpaceX,N/A
Starlink-27 (v1.0),2021-05-09,Vandenberg SLC-4E,True,SpaceX,N/A
Starlink-26 (v1.0) + Capella-6 + Tyvak-0130,2021-05-15,Unknown,True,SpaceX,N/A
Starlink-28 (v1.0),2021-05-26,Vandenberg SLC-4E,True,SpaceX,N/A
CRS-22 & IROSA,2021-06-03,Unknown,True,SpaceX,N/A
SXM-8,2021-06-06,Vandenberg SLC-4E,True,SpaceX,N/A
GPS III SV05,2021-06-17,Vandenberg SLC-4E,True,SpaceX,N/A
Transporter-2,2021-06-30,Vandenberg SLC-4E,True,SpaceX,N/A
CRS-23,2021-08-29,Unknown,True,SpaceX,N/A
Starlink 2-1 (v1.5),2021-09-14,Starbase Boca Chica,True,SpaceX,N/A
Inspiration4,2021-09-16,Unknown,True,SpaceX,N/A
Crew-3,2021-11-11,Unknown,True,SpaceX,N/A
Starlink 4-1 (v1.5),2021-11-13,Vandenberg SLC-4E,True,SpaceX,N/A
DART,2021-11-24,Starbase Boca Chica,True,SpaceX,N/A
Starlink 4-3 (v1.5),2021-12-01,Vandenberg SLC-4E,True,SpaceX,N/A
IXPE,2021-12-09,Unknown,True,SpaceX,N/A
Starlink 4-4 (v1.5),2021-12-18,Starbase Boca Chica,True,SpaceX,N/A
Türksat 5B,2021-12-19,Vandenberg SLC-4E,True,SpaceX,N/A
CRS-24,2021-12-21,Unknown,True,SpaceX,N/A
Starlink 4-5 (v1.5),2022-01-06,Unknown,True,SpaceX,N/A
Transporter-3,2022-01-13,Vandenberg SLC-4E,True,SpaceX,N/A
Starlink 4-6 (v1.5),2022-01-19,Unknown,True,SpaceX,N/A
CSG-2,2022-01-31,Vandenberg SLC-4E,True,SpaceX,N/A
NROL-87,2022-02-02,Starbase Boca Chica,True,SpaceX,N/A
Starlink 4-7 (v1.5),2022-02-03,Unknown,True,SpaceX,N/A
Starlink 4-8 (v1.5),2022-02-21,Vandenberg SLC-4E,True,SpaceX,N/A
Starlink 4-11 (v1.5),2022-02-25,Starbase Boca Chica,True,SpaceX,N/A
Starlink 4-9 (v1.5),2022-03-03,Unknown,True,SpaceX,N/A
Starlink 4-10 (v1.5),2022-03-09,Vandenberg SLC-4E,True,SpaceX,N/A
Starlink 4-12 (v1.5),2022-03-19,Vandenberg SLC-4E,True,SpaceX,N/A
Transporter-4,2022-04-01,Vandenberg SLC-4E,True,SpaceX,N/A
Ax-1,2022-04-08,Unknown,True,SpaceX,N/A
NROL-85,2022-04-17,Starbase Boca Chica,True,SpaceX,N/A
Starlink 4-14 (v1.5),2022-04-21,Vandenberg SLC-4E,True,SpaceX,N/A
Crew-4,2022-04-27,Unknown,True,SpaceX,N/A
Starlink 4-16 (v1.5),2022-04-29,Vandenberg SLC-4E,True,SpaceX,N/A
Starlink 4-17 (v1.5),2022-05-06,Unknown,True,SpaceX,N/A
Starlink 4-13 (v1.5),2022-05-13,Starbase Boca Chica,True,SpaceX,N/A
Starlink 4-15 (v1.5),2022-05-14,Vandenberg SLC-4E,True,SpaceX,N/A
Starlink 4-18 (v1.5),2022-05-18,Unknown,True,SpaceX,N/A
Transporter-5,2022-05-25,Vandenberg SLC-4E,True,SpaceX,N/A
Nilesat-301,2022-06-08,Vandenberg SLC-4E,True,SpaceX,N/A
Starlink 4-19 (v1.5),2022-06-01,Unknown,True,SpaceX,N/A
SARah 1,2022-06-18,Starbase Boca Chica,True,SpaceX,N/A
Globalstar FM15,2022-06-19,Vandenberg SLC-4E,True,SpaceX,N/A
SES-22,2022-06-29,Vandenberg SLC-4E,True,SpaceX,N/A
Starlink 4-21 (v1.5),2022-07-07,Vandenberg SLC-4E,True,SpaceX,N/A
Starlink 3-1 (v1.5),2022-07-11,Starbase Boca Chica,False,SpaceX,N/A
CRS-25,2022-07-15,Unknown,True,SpaceX,N/A
Starlink 4-22 (v1.5),2022-07-17,Vandenberg SLC-4E,True,SpaceX,N/A
Starlink 3-2 (v1.5),2022-07-21,Starbase Boca Chica,True,SpaceX,N/A
Starlink 4-25 (v1.5),2022-07-24,Vandenberg SLC-4E,True,SpaceX,N/A
KPLO,2022-08-04,Vandenberg SLC-4E,True,SpaceX,N/A
Starlink 4-26 (v1.5),2022-08-09,Unknown,True,SpaceX,N/A
Starlink 3-3 (v1.5),2022-08-12,Starbase Boca Chica,True,SpaceX,N/A
Starlink 4-27 (v1.5),2022-08-19,Vandenberg SLC-4E,True,SpaceX,N/A
Starlink 4-23 (v1.5),2022-08-28,Unknown,True,SpaceX,N/A
Starlink 3-4 (v1.5),2022-08-31,Starbase Boca Chica,True,SpaceX,N/A
Starlink 4-20 (v1.5) & Sherpa LTC-2/Varuna-TDM,2022-09-05,Vandenberg SLC-4E,True,SpaceX,N/A
Starlink 4-2 (v1.5) & Blue Walker 3,2022-09-11,Unknown,True,SpaceX,N/A
Starlink 4-34 (v1.5),2022-09-17,Vandenberg SLC-4E,True,SpaceX,N/A
Starlink 4-35 (v1.5),2022-09-24,Vandenberg SLC-4E,True,SpaceX,N/A
Crew-5,2022-10-05,Unknown,True,SpaceX,N/A
USSF-44,2022-11-01,Unknown,False,SpaceX,N/A
Starlink 4-36 (v1.5),2022-10-20,Vandenberg SLC-4E,False,SpaceX,N/A
Galaxy 33 (15R) & 34 (12R),2022-10-08,Vandenberg SLC-4E,False,SpaceX,N/A
Hotbird 13F,2022-10-15,Vandenberg SLC-4E,False,SpaceX,N/A
Hotbird 13G,2022-11-03,Vandenberg SLC-4E,False,SpaceX,N/A
Galaxy 31 (23R) & 32 (17R),2022-11-08,Vandenberg SLC-4E,False,SpaceX,N/A
Eutelsat 10B,2022-11-15,Vandenberg SLC-4E,False,SpaceX,N/A
ispace Mission 1 & Rashid,2022-11-22,Vandenberg SLC-4E,False,SpaceX,N/A
CRS-26,2022-11-18,Unknown,False,SpaceX,N/A
Starlink 4-37 (v1.5),2022-11-01,Vandenberg SLC-4E,False,SpaceX,N/A
"O3b mPower 1,2",2022-11-01,Vandenberg SLC-4E,False,SpaceX,N/A
SWOT,2022-12-05,Starbase Boca Chica,False,SpaceX,N/A
SES-18 & SES-19,2022-11-01,Vandenberg SLC-4E,False,SpaceX,N/A
Transporter-6,2022-12-01,Vandenberg SLC-4E,False,SpaceX,N/A
TTL-1,2022-12-01,Starbase Boca Chica,False,SpaceX,N/A
WorldView Legion 1 & 2,2022-12-01,Vandenberg SLC-4E,False,SpaceX,N/A
Viasat-3 & Arcturus,2022-12-01,Unknown,False,SpaceX,N/A
O3b mPower 3.4,2022-12-01,Vandenberg SLC-4E,False,SpaceX,N/A
